[{"created_at": "Mon Jan 31 17:58:44 +0000 2011", "id": 32135707967365120, "id_str": "32135707967365120", "full_text": "\u00c9 complicado me dedicar ao twitter, por isso pe\u00e7o q sigam meus filhos @verbolsonaro e @flaviobolsonaro q retransmitem meus pensamentos.", "truncated": false, "display_text_range": [0, 135], "entities": {"hashtags": [], "symbols": [], "user_mentions": [{"screen_name": "VerBolsonaro", "name": "Carrie Davis", "id": 517420827, "id_str": "517420827", "indices": [70, 83]}, {"screen_name": "FlavioBolsonaro", "name": "Flavio Bolsonaro", "id": 40053694, "id_str": "40053694", "indices": [86, 102]}], "urls": []}, "source": "<a href=\"http://twitter.com\" rel=\"nofollow\">Twitter Web Client</a>", "in_reply_to_status_id": null, "in_reply_to_status_id_str": null, "in_reply_to_user_id": null, "in_reply_to_user_id_str": null, "in_reply_to_screen_name": null, "user": {"id": 128372940, "id_str": "128372940", "name": "Jair M. Bolsonaro", "screen_name": "jairbolsonaro", "location": "Bras\u00edlia, Brasil", "description": "Capit\u00e3o do Ex\u00e9rcito Brasileiro, eleito 38\u00b0 Presidente da Rep\u00fablica Federativa do Brasil. \ud83c\udde7\ud83c\uddf7", "url": "https://t.co/bqpNS6l0al", "entities": {"url": {"urls": [{"url": "https://t.co/bqpNS6l0al", "expanded_url": "http://www.bolsonaro.com.br", "display_url": "bolsonaro.com.br", "indices": [0, 23]}]}, "description": {"urls": []}}, "protected": false, "followers_count": 5232419, "friends_count": 389, "listed_count": 5138, "created_at": "Wed Mar 31 23:13:44 +0000 2010", "favourites_count": 2261, "utc_offset": null, "time_zone": null, "geo_enabled": false, "verified": true, "statuses_count": 7693, "lang": null, "contributors_enabled": false, "is_translator": false, "is_translation_enabled": false, "profile_background_color": "175C17", "profile_background_image_url": "http://abs.twimg.com/images/themes/theme1/bg.png", "profile_background_image_url_https": "https://abs.twimg.com/images/themes/theme1/bg.png", "profile_background_tile": false, "profile_image_url": "http://pbs.twimg.com/profile_images/1057631480459886595/9VPdGJJz_normal.jpg", "profile_image_url_https": "https://pbs.twimg.com/profile_images/1057631480459886595/9VPdGJJz_normal.jpg", "profile_banner_url": "https://pbs.twimg.com/profile_banners/128372940/1540929521", "profile_link_color": "0084B4", "profile_sidebar_border_color": "FFFFFF", "profile_sidebar_fill_color": "A4E37F", "profile_text_color": "1414FF", "profile_use_background_image": true, "has_extended_profile": true, "default_profile": false, "default_profile_image": false, "following": true, "follow_request_sent": false, "notifications": false, "translator_type": "none"}, "geo": null, "coordinates": null, "place": null, "contributors": null, "is_quote_status": false, "retweet_count": 75, "favorite_count": 12, "favorited": false, "retweeted": false, "lang": "pt"}]