[{"created_at": "Fri Oct 05 17:47:43 +0000 2012", "id": 254276697212452864, "id_str": "254276697212452864", "full_text": "Caro (a) Sr. (a); A elei\u00e7\u00e3o d CARLOS BOLSONARO 11.120, no Rio, \u00e9 d fundamental import\u00e2ncia p/ a continuidade d meu trabalho em Bras\u00edlia.", "truncated": false, "display_text_range": [0, 136], "entities": {"hashtags": [], "symbols": [], "user_mentions": [], "urls": []}, "source": "<a href=\"http://twitter.com\" rel=\"nofollow\">Twitter Web Client</a>", "in_reply_to_status_id": null, "in_reply_to_status_id_str": null, "in_reply_to_user_id": null, "in_reply_to_user_id_str": null, "in_reply_to_screen_name": null, "user": {"id": 128372940, "id_str": "128372940", "name": "Jair M. Bolsonaro", "screen_name": "jairbolsonaro", "location": "Bras\u00edlia, Brasil", "description": "Capit\u00e3o do Ex\u00e9rcito Brasileiro, eleito 38\u00b0 Presidente da Rep\u00fablica Federativa do Brasil. \ud83c\udde7\ud83c\uddf7", "url": "https://t.co/bqpNS6l0al", "entities": {"url": {"urls": [{"url": "https://t.co/bqpNS6l0al", "expanded_url": "http://www.bolsonaro.com.br", "display_url": "bolsonaro.com.br", "indices": [0, 23]}]}, "description": {"urls": []}}, "protected": false, "followers_count": 5232269, "friends_count": 389, "listed_count": 5139, "created_at": "Wed Mar 31 23:13:44 +0000 2010", "favourites_count": 2261, "utc_offset": null, "time_zone": null, "geo_enabled": false, "verified": true, "statuses_count": 7693, "lang": null, "contributors_enabled": false, "is_translator": false, "is_translation_enabled": false, "profile_background_color": "175C17", "profile_background_image_url": "http://abs.twimg.com/images/themes/theme1/bg.png", "profile_background_image_url_https": "https://abs.twimg.com/images/themes/theme1/bg.png", "profile_background_tile": false, "profile_image_url": "http://pbs.twimg.com/profile_images/1057631480459886595/9VPdGJJz_normal.jpg", "profile_image_url_https": "https://pbs.twimg.com/profile_images/1057631480459886595/9VPdGJJz_normal.jpg", "profile_banner_url": "https://pbs.twimg.com/profile_banners/128372940/1540929521", "profile_link_color": "0084B4", "profile_sidebar_border_color": "FFFFFF", "profile_sidebar_fill_color": "A4E37F", "profile_text_color": "1414FF", "profile_use_background_image": true, "has_extended_profile": true, "default_profile": false, "default_profile_image": false, "following": true, "follow_request_sent": false, "notifications": false, "translator_type": "none"}, "geo": null, "coordinates": null, "place": null, "contributors": null, "is_quote_status": false, "retweet_count": 7, "favorite_count": 2, "favorited": false, "retweeted": false, "lang": "pt"}, {"created_at": "Tue Jul 17 19:21:06 +0000 2012", "id": 225309167932547074, "id_str": "225309167932547074", "full_text": "SELVA!", "truncated": false, "display_text_range": [0, 6], "entities": {"hashtags": [], "symbols": [], "user_mentions": [], "urls": []}, "source": "<a href=\"http://twitter.com\" rel=\"nofollow\">Twitter Web Client</a>", "in_reply_to_status_id": null, "in_reply_to_status_id_str": null, "in_reply_to_user_id": null, "in_reply_to_user_id_str": null, "in_reply_to_screen_name": null, "user": {"id": 128372940, "id_str": "128372940", "name": "Jair M. Bolsonaro", "screen_name": "jairbolsonaro", "location": "Bras\u00edlia, Brasil", "description": "Capit\u00e3o do Ex\u00e9rcito Brasileiro, eleito 38\u00b0 Presidente da Rep\u00fablica Federativa do Brasil. \ud83c\udde7\ud83c\uddf7", "url": "https://t.co/bqpNS6l0al", "entities": {"url": {"urls": [{"url": "https://t.co/bqpNS6l0al", "expanded_url": "http://www.bolsonaro.com.br", "display_url": "bolsonaro.com.br", "indices": [0, 23]}]}, "description": {"urls": []}}, "protected": false, "followers_count": 5232269, "friends_count": 389, "listed_count": 5139, "created_at": "Wed Mar 31 23:13:44 +0000 2010", "favourites_count": 2261, "utc_offset": null, "time_zone": null, "geo_enabled": false, "verified": true, "statuses_count": 7693, "lang": null, "contributors_enabled": false, "is_translator": false, "is_translation_enabled": false, "profile_background_color": "175C17", "profile_background_image_url": "http://abs.twimg.com/images/themes/theme1/bg.png", "profile_background_image_url_https": "https://abs.twimg.com/images/themes/theme1/bg.png", "profile_background_tile": false, "profile_image_url": "http://pbs.twimg.com/profile_images/1057631480459886595/9VPdGJJz_normal.jpg", "profile_image_url_https": "https://pbs.twimg.com/profile_images/1057631480459886595/9VPdGJJz_normal.jpg", "profile_banner_url": "https://pbs.twimg.com/profile_banners/128372940/1540929521", "profile_link_color": "0084B4", "profile_sidebar_border_color": "FFFFFF", "profile_sidebar_fill_color": "A4E37F", "profile_text_color": "1414FF", "profile_use_background_image": true, "has_extended_profile": true, "default_profile": false, "default_profile_image": false, "following": true, "follow_request_sent": false, "notifications": false, "translator_type": "none"}, "geo": null, "coordinates": null, "place": null, "contributors": null, "is_quote_status": false, "retweet_count": 55, "favorite_count": 112, "favorited": false, "retweeted": false, "lang": "in"}, {"created_at": "Tue Jul 17 19:18:25 +0000 2012", "id": 225308491655548929, "id_str": "225308491655548929", "full_text": "Bolsonaro - http://t.co/eEJKRXOw", "truncated": false, "display_text_range": [0, 32], "entities": {"hashtags": [], "symbols": [], "user_mentions": [], "urls": [{"url": "http://t.co/eEJKRXOw", "expanded_url": "http://www.picbadges.com/2640960", "display_url": "picbadges.com/2640960", "indices": [12, 32]}]}, "source": "<a href=\"http://www.picbadges.com\" rel=\"nofollow\">PicBadges</a>", "in_reply_to_status_id": null, "in_reply_to_status_id_str": null, "in_reply_to_user_id": null, "in_reply_to_user_id_str": null, "in_reply_to_screen_name": null, "user": {"id": 128372940, "id_str": "128372940", "name": "Jair M. Bolsonaro", "screen_name": "jairbolsonaro", "location": "Bras\u00edlia, Brasil", "description": "Capit\u00e3o do Ex\u00e9rcito Brasileiro, eleito 38\u00b0 Presidente da Rep\u00fablica Federativa do Brasil. \ud83c\udde7\ud83c\uddf7", "url": "https://t.co/bqpNS6l0al", "entities": {"url": {"urls": [{"url": "https://t.co/bqpNS6l0al", "expanded_url": "http://www.bolsonaro.com.br", "display_url": "bolsonaro.com.br", "indices": [0, 23]}]}, "description": {"urls": []}}, "protected": false, "followers_count": 5232269, "friends_count": 389, "listed_count": 5139, "created_at": "Wed Mar 31 23:13:44 +0000 2010", "favourites_count": 2261, "utc_offset": null, "time_zone": null, "geo_enabled": false, "verified": true, "statuses_count": 7693, "lang": null, "contributors_enabled": false, "is_translator": false, "is_translation_enabled": false, "profile_background_color": "175C17", "profile_background_image_url": "http://abs.twimg.com/images/themes/theme1/bg.png", "profile_background_image_url_https": "https://abs.twimg.com/images/themes/theme1/bg.png", "profile_background_tile": false, "profile_image_url": "http://pbs.twimg.com/profile_images/1057631480459886595/9VPdGJJz_normal.jpg", "profile_image_url_https": "https://pbs.twimg.com/profile_images/1057631480459886595/9VPdGJJz_normal.jpg", "profile_banner_url": "https://pbs.twimg.com/profile_banners/128372940/1540929521", "profile_link_color": "0084B4", "profile_sidebar_border_color": "FFFFFF", "profile_sidebar_fill_color": "A4E37F", "profile_text_color": "1414FF", "profile_use_background_image": true, "has_extended_profile": true, "default_profile": false, "default_profile_image": false, "following": true, "follow_request_sent": false, "notifications": false, "translator_type": "none"}, "geo": null, "coordinates": null, "place": null, "contributors": null, "is_quote_status": false, "retweet_count": 1, "favorite_count": 1, "favorited": false, "retweeted": false, "possibly_sensitive": false, "lang": "es"}, {"created_at": "Thu Jun 14 20:02:17 +0000 2012", "id": 213360731314335744, "id_str": "213360731314335744", "full_text": "DEUS SALVE NOSSAS CRIAN\u00c7AS. http://t.co/bxCE6eHb", "truncated": false, "display_text_range": [0, 48], "entities": {"hashtags": [], "symbols": [], "user_mentions": [], "urls": [{"url": "http://t.co/bxCE6eHb", "expanded_url": "http://bit.ly/M8ulSp", "display_url": "bit.ly/M8ulSp", "indices": [28, 48]}]}, "source": "<a href=\"http://twitter.com\" rel=\"nofollow\">Twitter Web Client</a>", "in_reply_to_status_id": null, "in_reply_to_status_id_str": null, "in_reply_to_user_id": null, "in_reply_to_user_id_str": null, "in_reply_to_screen_name": null, "user": {"id": 128372940, "id_str": "128372940", "name": "Jair M. Bolsonaro", "screen_name": "jairbolsonaro", "location": "Bras\u00edlia, Brasil", "description": "Capit\u00e3o do Ex\u00e9rcito Brasileiro, eleito 38\u00b0 Presidente da Rep\u00fablica Federativa do Brasil. \ud83c\udde7\ud83c\uddf7", "url": "https://t.co/bqpNS6l0al", "entities": {"url": {"urls": [{"url": "https://t.co/bqpNS6l0al", "expanded_url": "http://www.bolsonaro.com.br", "display_url": "bolsonaro.com.br", "indices": [0, 23]}]}, "description": {"urls": []}}, "protected": false, "followers_count": 5232269, "friends_count": 389, "listed_count": 5139, "created_at": "Wed Mar 31 23:13:44 +0000 2010", "favourites_count": 2261, "utc_offset": null, "time_zone": null, "geo_enabled": false, "verified": true, "statuses_count": 7693, "lang": null, "contributors_enabled": false, "is_translator": false, "is_translation_enabled": false, "profile_background_color": "175C17", "profile_background_image_url": "http://abs.twimg.com/images/themes/theme1/bg.png", "profile_background_image_url_https": "https://abs.twimg.com/images/themes/theme1/bg.png", "profile_background_tile": false, "profile_image_url": "http://pbs.twimg.com/profile_images/1057631480459886595/9VPdGJJz_normal.jpg", "profile_image_url_https": "https://pbs.twimg.com/profile_images/1057631480459886595/9VPdGJJz_normal.jpg", "profile_banner_url": "https://pbs.twimg.com/profile_banners/128372940/1540929521", "profile_link_color": "0084B4", "profile_sidebar_border_color": "FFFFFF", "profile_sidebar_fill_color": "A4E37F", "profile_text_color": "1414FF", "profile_use_background_image": true, "has_extended_profile": true, "default_profile": false, "default_profile_image": false, "following": true, "follow_request_sent": false, "notifications": false, "translator_type": "none"}, "geo": null, "coordinates": null, "place": null, "contributors": null, "is_quote_status": false, "retweet_count": 19, "favorite_count": 1, "favorited": false, "retweeted": false, "possibly_sensitive": false, "lang": "pt"}, {"created_at": "Tue Jul 17 19:20:28 +0000 2012", "id": 225309008632881153, "id_str": "225309008632881153", "full_text": "Eleger @VerBolsonaro, p/ vereador no Rio de Janeiro \u00e9 de vital import\u00e2ncia p/ a continuidade de meu trabalho em Bras\u00edlia.", "truncated": false, "display_text_range": [0, 121], "entities": {"hashtags": [], "symbols": [], "user_mentions": [{"screen_name": "VerBolsonaro", "name": "Carrie Davis", "id": 517420827, "id_str": "517420827", "indices": [7, 20]}], "urls": []}, "source": "<a href=\"http://twitter.com\" rel=\"nofollow\">Twitter Web Client</a>", "in_reply_to_status_id": null, "in_reply_to_status_id_str": null, "in_reply_to_user_id": null, "in_reply_to_user_id_str": null, "in_reply_to_screen_name": null, "user": {"id": 128372940, "id_str": "128372940", "name": "Jair M. Bolsonaro", "screen_name": "jairbolsonaro", "location": "Bras\u00edlia, Brasil", "description": "Capit\u00e3o do Ex\u00e9rcito Brasileiro, eleito 38\u00b0 Presidente da Rep\u00fablica Federativa do Brasil. \ud83c\udde7\ud83c\uddf7", "url": "https://t.co/bqpNS6l0al", "entities": {"url": {"urls": [{"url": "https://t.co/bqpNS6l0al", "expanded_url": "http://www.bolsonaro.com.br", "display_url": "bolsonaro.com.br", "indices": [0, 23]}]}, "description": {"urls": []}}, "protected": false, "followers_count": 5232269, "friends_count": 389, "listed_count": 5139, "created_at": "Wed Mar 31 23:13:44 +0000 2010", "favourites_count": 2261, "utc_offset": null, "time_zone": null, "geo_enabled": false, "verified": true, "statuses_count": 7693, "lang": null, "contributors_enabled": false, "is_translator": false, "is_translation_enabled": false, "profile_background_color": "175C17", "profile_background_image_url": "http://abs.twimg.com/images/themes/theme1/bg.png", "profile_background_image_url_https": "https://abs.twimg.com/images/themes/theme1/bg.png", "profile_background_tile": false, "profile_image_url": "http://pbs.twimg.com/profile_images/1057631480459886595/9VPdGJJz_normal.jpg", "profile_image_url_https": "https://pbs.twimg.com/profile_images/1057631480459886595/9VPdGJJz_normal.jpg", "profile_banner_url": "https://pbs.twimg.com/profile_banners/128372940/1540929521", "profile_link_color": "0084B4", "profile_sidebar_border_color": "FFFFFF", "profile_sidebar_fill_color": "A4E37F", "profile_text_color": "1414FF", "profile_use_background_image": true, "has_extended_profile": true, "default_profile": false, "default_profile_image": false, "following": true, "follow_request_sent": false, "notifications": false, "translator_type": "none"}, "geo": null, "coordinates": null, "place": null, "contributors": null, "is_quote_status": false, "retweet_count": 9, "favorite_count": 1, "favorited": false, "retweeted": false, "lang": "pt"}, {"created_at": "Fri Jul 20 16:43:17 +0000 2012", "id": 226356614771392512, "id_str": "226356614771392512", "full_text": "Conhe\u00e7am os feitos do meu filho, Carlos Bolsonaro, como vereador no Rio de Janeiro. Grato a todos. http://t.co/LdwH50vx", "truncated": false, "display_text_range": [0, 119], "entities": {"hashtags": [], "symbols": [], "user_mentions": [], "urls": [{"url": "http://t.co/LdwH50vx", "expanded_url": "http://vai.la/2OhP", "display_url": "vai.la/2OhP", "indices": [99, 119]}]}, "source": "<a href=\"http://twitter.com\" rel=\"nofollow\">Twitter Web Client</a>", "in_reply_to_status_id": null, "in_reply_to_status_id_str": null, "in_reply_to_user_id": null, "in_reply_to_user_id_str": null, "in_reply_to_screen_name": null, "user": {"id": 128372940, "id_str": "128372940", "name": "Jair M. Bolsonaro", "screen_name": "jairbolsonaro", "location": "Bras\u00edlia, Brasil", "description": "Capit\u00e3o do Ex\u00e9rcito Brasileiro, eleito 38\u00b0 Presidente da Rep\u00fablica Federativa do Brasil. \ud83c\udde7\ud83c\uddf7", "url": "https://t.co/bqpNS6l0al", "entities": {"url": {"urls": [{"url": "https://t.co/bqpNS6l0al", "expanded_url": "http://www.bolsonaro.com.br", "display_url": "bolsonaro.com.br", "indices": [0, 23]}]}, "description": {"urls": []}}, "protected": false, "followers_count": 5232269, "friends_count": 389, "listed_count": 5139, "created_at": "Wed Mar 31 23:13:44 +0000 2010", "favourites_count": 2261, "utc_offset": null, "time_zone": null, "geo_enabled": false, "verified": true, "statuses_count": 7693, "lang": null, "contributors_enabled": false, "is_translator": false, "is_translation_enabled": false, "profile_background_color": "175C17", "profile_background_image_url": "http://abs.twimg.com/images/themes/theme1/bg.png", "profile_background_image_url_https": "https://abs.twimg.com/images/themes/theme1/bg.png", "profile_background_tile": false, "profile_image_url": "http://pbs.twimg.com/profile_images/1057631480459886595/9VPdGJJz_normal.jpg", "profile_image_url_https": "https://pbs.twimg.com/profile_images/1057631480459886595/9VPdGJJz_normal.jpg", "profile_banner_url": "https://pbs.twimg.com/profile_banners/128372940/1540929521", "profile_link_color": "0084B4", "profile_sidebar_border_color": "FFFFFF", "profile_sidebar_fill_color": "A4E37F", "profile_text_color": "1414FF", "profile_use_background_image": true, "has_extended_profile": true, "default_profile": false, "default_profile_image": false, "following": true, "follow_request_sent": false, "notifications": false, "translator_type": "none"}, "geo": null, "coordinates": null, "place": null, "contributors": null, "is_quote_status": false, "retweet_count": 2, "favorite_count": 3, "favorited": false, "retweeted": false, "possibly_sensitive": false, "lang": "pt"}, {"created_at": "Thu Dec 13 16:40:59 +0000 2012", "id": 279264666725785601, "id_str": "279264666725785601", "full_text": "Bolsonaro estar\u00e1 hj \u00e0 noite no Programa do Ratinho expondo o Projeto do Estatuto Penitenci\u00e1rio Nacional do PT. http://t.co/BcP8PA1L", "truncated": false, "display_text_range": [0, 131], "entities": {"hashtags": [], "symbols": [], "user_mentions": [], "urls": [{"url": "http://t.co/BcP8PA1L", "expanded_url": "http://bit.ly/SiH2UA", "display_url": "bit.ly/SiH2UA", "indices": [111, 131]}]}, "source": "<a href=\"http://twitter.com\" rel=\"nofollow\">Twitter Web Client</a>", "in_reply_to_status_id": null, "in_reply_to_status_id_str": null, "in_reply_to_user_id": null, "in_reply_to_user_id_str": null, "in_reply_to_screen_name": null, "user": {"id": 128372940, "id_str": "128372940", "name": "Jair M. Bolsonaro", "screen_name": "jairbolsonaro", "location": "Bras\u00edlia, Brasil", "description": "Capit\u00e3o do Ex\u00e9rcito Brasileiro, eleito 38\u00b0 Presidente da Rep\u00fablica Federativa do Brasil. \ud83c\udde7\ud83c\uddf7", "url": "https://t.co/bqpNS6l0al", "entities": {"url": {"urls": [{"url": "https://t.co/bqpNS6l0al", "expanded_url": "http://www.bolsonaro.com.br", "display_url": "bolsonaro.com.br", "indices": [0, 23]}]}, "description": {"urls": []}}, "protected": false, "followers_count": 5232269, "friends_count": 389, "listed_count": 5139, "created_at": "Wed Mar 31 23:13:44 +0000 2010", "favourites_count": 2261, "utc_offset": null, "time_zone": null, "geo_enabled": false, "verified": true, "statuses_count": 7693, "lang": null, "contributors_enabled": false, "is_translator": false, "is_translation_enabled": false, "profile_background_color": "175C17", "profile_background_image_url": "http://abs.twimg.com/images/themes/theme1/bg.png", "profile_background_image_url_https": "https://abs.twimg.com/images/themes/theme1/bg.png", "profile_background_tile": false, "profile_image_url": "http://pbs.twimg.com/profile_images/1057631480459886595/9VPdGJJz_normal.jpg", "profile_image_url_https": "https://pbs.twimg.com/profile_images/1057631480459886595/9VPdGJJz_normal.jpg", "profile_banner_url": "https://pbs.twimg.com/profile_banners/128372940/1540929521", "profile_link_color": "0084B4", "profile_sidebar_border_color": "FFFFFF", "profile_sidebar_fill_color": "A4E37F", "profile_text_color": "1414FF", "profile_use_background_image": true, "has_extended_profile": true, "default_profile": false, "default_profile_image": false, "following": true, "follow_request_sent": false, "notifications": false, "translator_type": "none"}, "geo": null, "coordinates": null, "place": null, "contributors": null, "is_quote_status": false, "retweet_count": 3, "favorite_count": 1, "favorited": false, "retweeted": false, "possibly_sensitive": false, "lang": "pt"}, {"created_at": "Mon Jul 23 23:00:04 +0000 2012", "id": 227538599225212928, "id_str": "227538599225212928", "full_text": "ASSUSTEM-SE PAIS: Vejam o conte\u00fado do kit-gay q j\u00e1 chegou nas escolas prim\u00e1rias do Brasil. http://t.co/hnywBCdE", "truncated": false, "display_text_range": [0, 111], "entities": {"hashtags": [], "symbols": [], "user_mentions": [], "urls": [{"url": "http://t.co/hnywBCdE", "expanded_url": "http://bit.ly/NrvECG", "display_url": "bit.ly/NrvECG", "indices": [91, 111]}]}, "source": "<a href=\"http://twitter.com\" rel=\"nofollow\">Twitter Web Client</a>", "in_reply_to_status_id": null, "in_reply_to_status_id_str": null, "in_reply_to_user_id": null, "in_reply_to_user_id_str": null, "in_reply_to_screen_name": null, "user": {"id": 128372940, "id_str": "128372940", "name": "Jair M. Bolsonaro", "screen_name": "jairbolsonaro", "location": "Bras\u00edlia, Brasil", "description": "Capit\u00e3o do Ex\u00e9rcito Brasileiro, eleito 38\u00b0 Presidente da Rep\u00fablica Federativa do Brasil. \ud83c\udde7\ud83c\uddf7", "url": "https://t.co/bqpNS6l0al", "entities": {"url": {"urls": [{"url": "https://t.co/bqpNS6l0al", "expanded_url": "http://www.bolsonaro.com.br", "display_url": "bolsonaro.com.br", "indices": [0, 23]}]}, "description": {"urls": []}}, "protected": false, "followers_count": 5232269, "friends_count": 389, "listed_count": 5139, "created_at": "Wed Mar 31 23:13:44 +0000 2010", "favourites_count": 2261, "utc_offset": null, "time_zone": null, "geo_enabled": false, "verified": true, "statuses_count": 7693, "lang": null, "contributors_enabled": false, "is_translator": false, "is_translation_enabled": false, "profile_background_color": "175C17", "profile_background_image_url": "http://abs.twimg.com/images/themes/theme1/bg.png", "profile_background_image_url_https": "https://abs.twimg.com/images/themes/theme1/bg.png", "profile_background_tile": false, "profile_image_url": "http://pbs.twimg.com/profile_images/1057631480459886595/9VPdGJJz_normal.jpg", "profile_image_url_https": "https://pbs.twimg.com/profile_images/1057631480459886595/9VPdGJJz_normal.jpg", "profile_banner_url": "https://pbs.twimg.com/profile_banners/128372940/1540929521", "profile_link_color": "0084B4", "profile_sidebar_border_color": "FFFFFF", "profile_sidebar_fill_color": "A4E37F", "profile_text_color": "1414FF", "profile_use_background_image": true, "has_extended_profile": true, "default_profile": false, "default_profile_image": false, "following": true, "follow_request_sent": false, "notifications": false, "translator_type": "none"}, "geo": null, "coordinates": null, "place": null, "contributors": null, "is_quote_status": false, "retweet_count": 58, "favorite_count": 5, "favorited": false, "retweeted": false, "possibly_sensitive": false, "lang": "pt"}, {"created_at": "Wed Dec 19 23:02:40 +0000 2012", "id": 281535048237326337, "id_str": "281535048237326337", "full_text": "@JornalExtra, via @BereniceSeara: Bolsonaro e Z\u00e9 de Abreu Trocam Farpas no Twitter. D q lado vc fica? http://t.co/vjBhqapK", "truncated": false, "display_text_range": [0, 122], "entities": {"hashtags": [], "symbols": [], "user_mentions": [{"screen_name": "jornalextra", "name": "Jornal Extra", "id": 24802340, "id_str": "24802340", "indices": [0, 12]}, {"screen_name": "BereniceSeara", "name": "Berenice Seara", "id": 39890452, "id_str": "39890452", "indices": [18, 32]}], "urls": [{"url": "http://t.co/vjBhqapK", "expanded_url": "http://glo.bo/12AW7BR", "display_url": "glo.bo/12AW7BR", "indices": [102, 122]}]}, "source": "<a href=\"http://twitter.com\" rel=\"nofollow\">Twitter Web Client</a>", "in_reply_to_status_id": null, "in_reply_to_status_id_str": null, "in_reply_to_user_id": 24802340, "in_reply_to_user_id_str": "24802340", "in_reply_to_screen_name": "jornalextra", "user": {"id": 128372940, "id_str": "128372940", "name": "Jair M. Bolsonaro", "screen_name": "jairbolsonaro", "location": "Bras\u00edlia, Brasil", "description": "Capit\u00e3o do Ex\u00e9rcito Brasileiro, eleito 38\u00b0 Presidente da Rep\u00fablica Federativa do Brasil. \ud83c\udde7\ud83c\uddf7", "url": "https://t.co/bqpNS6l0al", "entities": {"url": {"urls": [{"url": "https://t.co/bqpNS6l0al", "expanded_url": "http://www.bolsonaro.com.br", "display_url": "bolsonaro.com.br", "indices": [0, 23]}]}, "description": {"urls": []}}, "protected": false, "followers_count": 5232269, "friends_count": 389, "listed_count": 5139, "created_at": "Wed Mar 31 23:13:44 +0000 2010", "favourites_count": 2261, "utc_offset": null, "time_zone": null, "geo_enabled": false, "verified": true, "statuses_count": 7693, "lang": null, "contributors_enabled": false, "is_translator": false, "is_translation_enabled": false, "profile_background_color": "175C17", "profile_background_image_url": "http://abs.twimg.com/images/themes/theme1/bg.png", "profile_background_image_url_https": "https://abs.twimg.com/images/themes/theme1/bg.png", "profile_background_tile": false, "profile_image_url": "http://pbs.twimg.com/profile_images/1057631480459886595/9VPdGJJz_normal.jpg", "profile_image_url_https": "https://pbs.twimg.com/profile_images/1057631480459886595/9VPdGJJz_normal.jpg", "profile_banner_url": "https://pbs.twimg.com/profile_banners/128372940/1540929521", "profile_link_color": "0084B4", "profile_sidebar_border_color": "FFFFFF", "profile_sidebar_fill_color": "A4E37F", "profile_text_color": "1414FF", "profile_use_background_image": true, "has_extended_profile": true, "default_profile": false, "default_profile_image": false, "following": true, "follow_request_sent": false, "notifications": false, "translator_type": "none"}, "geo": null, "coordinates": null, "place": null, "contributors": null, "is_quote_status": false, "retweet_count": 1, "favorite_count": 1, "favorited": false, "retweeted": false, "possibly_sensitive": false, "lang": "pt"}, {"created_at": "Mon Jul 23 16:59:29 +0000 2012", "id": 227447857819574273, "id_str": "227447857819574273", "full_text": "ATEN\u00c7\u00c3O PAIS: Vejam o conte\u00fado do kit-gay acaba d chegar nas escolas privadas p/ a crian\u00e7ada. http://t.co/bq53B97y", "truncated": false, "display_text_range": [0, 114], "entities": {"hashtags": [], "symbols": [], "user_mentions": [], "urls": [{"url": "http://t.co/bq53B97y", "expanded_url": "http://bit.ly/NPmVGd", "display_url": "bit.ly/NPmVGd", "indices": [94, 114]}]}, "source": "<a href=\"http://twitter.com\" rel=\"nofollow\">Twitter Web Client</a>", "in_reply_to_status_id": null, "in_reply_to_status_id_str": null, "in_reply_to_user_id": null, "in_reply_to_user_id_str": null, "in_reply_to_screen_name": null, "user": {"id": 128372940, "id_str": "128372940", "name": "Jair M. Bolsonaro", "screen_name": "jairbolsonaro", "location": "Bras\u00edlia, Brasil", "description": "Capit\u00e3o do Ex\u00e9rcito Brasileiro, eleito 38\u00b0 Presidente da Rep\u00fablica Federativa do Brasil. \ud83c\udde7\ud83c\uddf7", "url": "https://t.co/bqpNS6l0al", "entities": {"url": {"urls": [{"url": "https://t.co/bqpNS6l0al", "expanded_url": "http://www.bolsonaro.com.br", "display_url": "bolsonaro.com.br", "indices": [0, 23]}]}, "description": {"urls": []}}, "protected": false, "followers_count": 5232269, "friends_count": 389, "listed_count": 5139, "created_at": "Wed Mar 31 23:13:44 +0000 2010", "favourites_count": 2261, "utc_offset": null, "time_zone": null, "geo_enabled": false, "verified": true, "statuses_count": 7693, "lang": null, "contributors_enabled": false, "is_translator": false, "is_translation_enabled": false, "profile_background_color": "175C17", "profile_background_image_url": "http://abs.twimg.com/images/themes/theme1/bg.png", "profile_background_image_url_https": "https://abs.twimg.com/images/themes/theme1/bg.png", "profile_background_tile": false, "profile_image_url": "http://pbs.twimg.com/profile_images/1057631480459886595/9VPdGJJz_normal.jpg", "profile_image_url_https": "https://pbs.twimg.com/profile_images/1057631480459886595/9VPdGJJz_normal.jpg", "profile_banner_url": "https://pbs.twimg.com/profile_banners/128372940/1540929521", "profile_link_color": "0084B4", "profile_sidebar_border_color": "FFFFFF", "profile_sidebar_fill_color": "A4E37F", "profile_text_color": "1414FF", "profile_use_background_image": true, "has_extended_profile": true, "default_profile": false, "default_profile_image": false, "following": true, "follow_request_sent": false, "notifications": false, "translator_type": "none"}, "geo": null, "coordinates": null, "place": null, "contributors": null, "is_quote_status": false, "retweet_count": 27, "favorite_count": 2, "favorited": false, "retweeted": false, "possibly_sensitive": false, "lang": "pt"}, {"created_at": "Thu Dec 06 17:52:40 +0000 2012", "id": 276745989853958144, "id_str": "276745989853958144", "full_text": "RT @VerBolsonaro: Bolsonaro vira ateu e comunista e lamenta a morte de Niemeyer. http://t.co/ReoHW2OS", "truncated": false, "display_text_range": [0, 101], "entities": {"hashtags": [], "symbols": [], "user_mentions": [{"screen_name": "VerBolsonaro", "name": "Carrie Davis", "id": 517420827, "id_str": "517420827", "indices": [3, 16]}], "urls": [{"url": "http://t.co/ReoHW2OS", "expanded_url": "http://bit.ly/TEJQqz", "display_url": "bit.ly/TEJQqz", "indices": [81, 101]}]}, "source": "<a href=\"http://twitter.com\" rel=\"nofollow\">Twitter Web Client</a>", "in_reply_to_status_id": null, "in_reply_to_status_id_str": null, "in_reply_to_user_id": null, "in_reply_to_user_id_str": null, "in_reply_to_screen_name": null, "user": {"id": 128372940, "id_str": "128372940", "name": "Jair M. Bolsonaro", "screen_name": "jairbolsonaro", "location": "Bras\u00edlia, Brasil", "description": "Capit\u00e3o do Ex\u00e9rcito Brasileiro, eleito 38\u00b0 Presidente da Rep\u00fablica Federativa do Brasil. \ud83c\udde7\ud83c\uddf7", "url": "https://t.co/bqpNS6l0al", "entities": {"url": {"urls": [{"url": "https://t.co/bqpNS6l0al", "expanded_url": "http://www.bolsonaro.com.br", "display_url": "bolsonaro.com.br", "indices": [0, 23]}]}, "description": {"urls": []}}, "protected": false, "followers_count": 5232269, "friends_count": 389, "listed_count": 5139, "created_at": "Wed Mar 31 23:13:44 +0000 2010", "favourites_count": 2261, "utc_offset": null, "time_zone": null, "geo_enabled": false, "verified": true, "statuses_count": 7693, "lang": null, "contributors_enabled": false, "is_translator": false, "is_translation_enabled": false, "profile_background_color": "175C17", "profile_background_image_url": "http://abs.twimg.com/images/themes/theme1/bg.png", "profile_background_image_url_https": "https://abs.twimg.com/images/themes/theme1/bg.png", "profile_background_tile": false, "profile_image_url": "http://pbs.twimg.com/profile_images/1057631480459886595/9VPdGJJz_normal.jpg", "profile_image_url_https": "https://pbs.twimg.com/profile_images/1057631480459886595/9VPdGJJz_normal.jpg", "profile_banner_url": "https://pbs.twimg.com/profile_banners/128372940/1540929521", "profile_link_color": "0084B4", "profile_sidebar_border_color": "FFFFFF", "profile_sidebar_fill_color": "A4E37F", "profile_text_color": "1414FF", "profile_use_background_image": true, "has_extended_profile": true, "default_profile": false, "default_profile_image": false, "following": true, "follow_request_sent": false, "notifications": false, "translator_type": "none"}, "geo": null, "coordinates": null, "place": null, "contributors": null, "is_quote_status": false, "retweet_count": 3, "favorite_count": 0, "favorited": false, "retweeted": false, "possibly_sensitive": false, "lang": "pt"}, {"created_at": "Tue Jul 17 19:10:10 +0000 2012", "id": 225306419115732994, "id_str": "225306419115732994", "full_text": "A elei\u00e7\u00e3o de Carlos Bolsonaro 11.120, p/ vereador no Rio de Janeiro \u00e9 de vital import\u00e2ncia p/ a continuidade d meu trabalho em Bras\u00edlia.", "truncated": false, "display_text_range": [0, 136], "entities": {"hashtags": [], "symbols": [], "user_mentions": [], "urls": []}, "source": "<a href=\"http://twitter.com\" rel=\"nofollow\">Twitter Web Client</a>", "in_reply_to_status_id": null, "in_reply_to_status_id_str": null, "in_reply_to_user_id": null, "in_reply_to_user_id_str": null, "in_reply_to_screen_name": null, "user": {"id": 128372940, "id_str": "128372940", "name": "Jair M. Bolsonaro", "screen_name": "jairbolsonaro", "location": "Bras\u00edlia, Brasil", "description": "Capit\u00e3o do Ex\u00e9rcito Brasileiro, eleito 38\u00b0 Presidente da Rep\u00fablica Federativa do Brasil. \ud83c\udde7\ud83c\uddf7", "url": "https://t.co/bqpNS6l0al", "entities": {"url": {"urls": [{"url": "https://t.co/bqpNS6l0al", "expanded_url": "http://www.bolsonaro.com.br", "display_url": "bolsonaro.com.br", "indices": [0, 23]}]}, "description": {"urls": []}}, "protected": false, "followers_count": 5232269, "friends_count": 389, "listed_count": 5139, "created_at": "Wed Mar 31 23:13:44 +0000 2010", "favourites_count": 2261, "utc_offset": null, "time_zone": null, "geo_enabled": false, "verified": true, "statuses_count": 7693, "lang": null, "contributors_enabled": false, "is_translator": false, "is_translation_enabled": false, "profile_background_color": "175C17", "profile_background_image_url": "http://abs.twimg.com/images/themes/theme1/bg.png", "profile_background_image_url_https": "https://abs.twimg.com/images/themes/theme1/bg.png", "profile_background_tile": false, "profile_image_url": "http://pbs.twimg.com/profile_images/1057631480459886595/9VPdGJJz_normal.jpg", "profile_image_url_https": "https://pbs.twimg.com/profile_images/1057631480459886595/9VPdGJJz_normal.jpg", "profile_banner_url": "https://pbs.twimg.com/profile_banners/128372940/1540929521", "profile_link_color": "0084B4", "profile_sidebar_border_color": "FFFFFF", "profile_sidebar_fill_color": "A4E37F", "profile_text_color": "1414FF", "profile_use_background_image": true, "has_extended_profile": true, "default_profile": false, "default_profile_image": false, "following": true, "follow_request_sent": false, "notifications": false, "translator_type": "none"}, "geo": null, "coordinates": null, "place": null, "contributors": null, "is_quote_status": false, "retweet_count": 16, "favorite_count": 1, "favorited": false, "retweeted": false, "lang": "pt"}]